Post ID,Blog Title,Current Excerpt,Current Length,Status,Optimized Excerpt,Optimized Length
1,albany-vs-schenectady-roi-2025,"Compare Albany and Schenectady real estate markets: home prices, rental dynamics, appreciation rates, and cash flow potential. Discover which market fits your investment strategy.",179,TOO LONG,"Compare Albany vs Schenectady multifamily markets. See pricing, rents, appreciation rates, and cash flow potential. Learn which market fits your investment strategy.",159
2,5-year-appreciation-capital-region,"Discover how Albany and Schenectady have outperformed regional markets over the past 5 years. Learn why steady appreciation + rental income is the winning strategy for 2025.",173,TOO LONG,"Five years of data: How Albany and Schenectady markets outperformed. Discover why steady appreciation plus rental income wins for investors.",152
3,selling-tenant-occupied-property-strategy,"Learn how to sell tenant-occupied properties without endless showings or price drops. Real strategy beats perfect conditions every time.",136,TOO SHORT,"Sell tenant-occupied properties without disruption. Learn the strategy that closes deals without constant showings or price reductions.",151
4,identify-high-performing-investment-properties,"Learn the exact system for identifying investment properties with strong cash flow and appreciation potential. Master cap rates, cash-on-cash returns, and the metrics that actually predict success.",197,TOO LONG,"The system for identifying high-performing investment properties. Master cap rates, cash-on-cash returns, and metrics that predict success.",153
5,sell-rental-property-without-disturbing-tenants,"Learn how to sell rental properties with tenants in place at full market value while minimizing disruption. Discover the quiet sale strategy that attracts serious investor buyers.",179,TOO LONG,"Sell rental properties at full market value with tenants in place. The quiet sale strategy that attracts serious investor buyers.",152
6,multifamily-deal-evaluation-framework,"Learn the exact framework professional investors use to evaluate multifamily deals. Master cash flow analysis, value-add potential, and exit strategies that separate winners from losers.",186,TOO LONG,"The 3-pillar framework professional investors use to evaluate multifamily deals. Master cash flow, upside potential, and exit strategies.",152
7,60-second-multifamily-deal-analysis,"Learn the exact 60-second screening process to analyze multifamily deals. Master NOI, cap rate, and cash flow calculations that eliminate bad deals before you waste time.",170,TOO LONG,"The 60-second screening process to analyze multifamily deals. Master NOI, cap rate, and cash flow calculations to eliminate bad deals.",150
8,capital-region-multifamily-market-update-2026,"Real Capital Region market update: tight inventory, strong buyer interest, and the tools (1031 exchanges) to make the right decision about your property.",153,GOOD,"Real Capital Region market update: tight inventory, strong buyer interest, and 1031 exchange tools for your property decision.",153
9,house-hacking-live-free-real-estate,"The complete house hacking guide: how to buy a multi-unit property with FHA financing, live for free, and build wealth while tenants pay your mortgage.",151,GOOD,"The complete house hacking guide: buy with FHA financing, live free, and build wealth while tenants pay your mortgage.",151
10,cash-flow-vs-cap-rate-explained,"Cash flow and cap rate are not the same thing. Learn the critical difference and why smart investors use both metrics to evaluate every deal.",141,TOO SHORT,"Understand cash flow vs cap rate. Learn why smart investors use both metrics to evaluate multifamily deals and identify winners.",150
11,three-hot-multifamily-markets-capital-region,"Discover the three best neighborhoods in the Capital Region for multifamily cash flow investing. Specific prices, rent data, and why these markets are outperforming.",165,TOO LONG,"Discover the three best Capital Region neighborhoods for multifamily cash flow. Pricing, rents, and why these markets outperform.",150
12,three-ways-spot-profitable-multifamily-deals,"Learn the three critical metrics that identify profitable multifamily deals: rent-to-price ratio, vacancy/demand, and value-add potential.",138,TOO SHORT,"The three metrics that identify profitable multifamily deals: rent-to-price ratio, vacancy demand, and value-add potential.",150
13,legal-protection-real-estate-investors-llc,"One lawsuit from years ago can haunt you for decades. Learn how to properly structure your real estate investments to protect your personal assets.",147,TOO SHORT,"One lawsuit can haunt your portfolio for decades. Learn how proper structure protects your real estate investments and personal assets.",152